INSERT INTO patient(first_name, last_name, cedula, phone_number, email, date_of_birth, gender, address) VALUES('Alexis', 'Chavarria', '1233499868', '3509687410', 'alexis.chavarria@example.com', '1998-09-03', 'Otro', 'Carrera 87F #2A - 14');
INSERT INTO patient(first_name, last_name, cedula, phone_number, email, date_of_birth, gender, address) VALUES('Felipe', 'Monsalve', '1234567897', '3500248963', 'felipe.monsalve@example.com', '1990-01-15', 'Masculino', 'Calle 123 #10 - 20');
INSERT INTO patient(first_name, last_name, cedula, phone_number, email, date_of_birth, gender, address) VALUES('Tatiana', 'Ortiz', '1048965210', '3222604125', 'tatiana.ortiz@example.com', '1985-05-20', 'Femenino', 'Carrera 45 #41 - 32');
INSERT INTO patient(first_name, last_name, cedula, phone_number, email, date_of_birth, gender, address) VALUES('Michael', 'Chávez', '1024587123', '3220985401', 'michael.chavez@example.com', '2000-11-30', 'Masculino', 'Calle 78 #54 - 13');
INSERT INTO patient(first_name, last_name, cedula, phone_number, email, date_of_birth, gender, address) VALUES('Laura', 'González', '203579861', '3211024893', 'laura.gonzalez@example.com', '1995-08-15', 'Femenino', 'Avenida 45 #23 - 67');
INSERT INTO patient(first_name, last_name, cedula, phone_number, email, date_of_birth, gender, address) VALUES('Carlos', 'Ramírez', '304871236', '3209857631', 'carlos.ramirez@example.com', '1989-04-22', 'Masculino', 'Carrera 12 #34 - 56');
INSERT INTO patient(first_name, last_name, cedula, phone_number, email, date_of_birth, gender, address) VALUES('Sofía', 'Martínez', '502378914', '3208459014', 'sofia.martinez@example.com', '2002-06-10', 'Femenino', 'Calle 56 #78 - 90');
INSERT INTO patient(first_name, last_name, cedula, phone_number, email, date_of_birth, gender, address) VALUES('Andrés', 'López', '605489123', '3198657103', 'andres.lopez@example.com', '1990-12-05', 'Masculino', 'Avenida 34 #12 - 56');
INSERT INTO patient(first_name, last_name, cedula, phone_number, email, date_of_birth, gender, address) VALUES('Camila', 'Torres', '703489512', '3197409853', 'camila.torres@example.com', '1998-09-18', 'Femenino', 'Carrera 78 #34 - 56');
INSERT INTO patient(first_name, last_name, cedula, phone_number, email, date_of_birth, gender, address) VALUES('Gabriel', 'Silva', '802319467', '3189654107', 'gabriel.silva@example.com', '2001-03-28', 'Masculino', 'Calle 23 #45 - 67');
INSERT INTO patient(first_name, last_name, cedula, phone_number, email, date_of_birth, gender, address) VALUES('Valentina', 'Mendoza', '902348671', '3186502106', 'valentina.mendoza@example.com', '1993-07-12', 'Femenino', 'Avenida 56 #78 - 90');
INSERT INTO patient(first_name, last_name, cedula, phone_number, email, date_of_birth, gender, address) VALUES('Manuel', 'Ríos', '100349812', '3178425196', 'manuel.rios@example.com', '1987-11-02', 'Masculino', 'Carrera 34 #12 - 56');
INSERT INTO patient(first_name, last_name, cedula, phone_number, email, date_of_birth, gender, address) VALUES('Isabella', 'Peña', '110293874', '3170084451', 'isabella.pena@example.com', '1996-02-25', 'Femenino', 'Calle 67 #89 - 10');
INSERT INTO patient(first_name, last_name, cedula, phone_number, email, date_of_birth, gender, address) VALUES('Diego', 'Aguilar', '120183947', '3169854101', 'diego.aguilar@example.com', '1994-10-08', 'Masculino', 'Avenida 78 #90 - 12');
INSERT INTO patient(first_name, last_name, cedula, phone_number, email, date_of_birth, gender, address) VALUES('Natalia', 'Rojas', '130394812', '3168527430', 'natalia.rojas@example.com', '2004-05-20', 'Femenino', 'Carrera 56 #78 - 90');

INSERT INTO doctor(first_name, last_name, cedula, email, office ) VALUES('Carlos', 'Jaramillo', '98765432', 'carlos.jaramillo@example.com', 'Consultorio 101');
INSERT INTO doctor(first_name, last_name, cedula, email, office ) VALUES('Juan', 'López', '97854102', 'juan.lopez@example.com', 'Consultorio 102');
INSERT INTO doctor(first_name, last_name, cedula, email, office ) VALUES('María', 'García', '87654321', 'maria.garcia@example.com', 'Consultorio 201');
INSERT INTO doctor(first_name, last_name, cedula, email, office ) VALUES('Carlos', 'Martínez', '74512369',  'carlos.martinez@example.com', 'Consultorio 202');
INSERT INTO doctor(first_name, last_name, cedula, email, office ) VALUES('Laura', 'Rodríguez', '74521036', 'laura.rodriguez@example.com', 'Consultorio 301');
INSERT INTO doctor(first_name, last_name, cedula, email, office ) VALUES('Ana', 'González', '74951204', 'ana.gonzalez@example.com', 'Consultorio 302');
INSERT INTO doctor(first_name, last_name, cedula, email, office ) VALUES('Pedro', 'Hernández', '65478410', 'pedro.hernandez@example.com', 'Consultorio 401');
INSERT INTO doctor(first_name, last_name, cedula, email, office ) VALUES('Sofía', 'Ramírez', '52486007', 'sofia.ramirez@example.com', 'Consultorio 402');
INSERT INTO doctor(first_name, last_name, cedula, email, office ) VALUES('Alejandro', 'Torres', '51985430', 'alejandro.torres@example.com', 'Consultorio 501');
INSERT INTO doctor(first_name, last_name, cedula, email, office ) VALUES('Valentina', 'Flores', '42541235', 'valentina.flores@example.com', 'Consultorio 502');
INSERT INTO doctor(first_name, last_name, cedula, email, office ) VALUES('Gabriel', 'Gómez', '42587415', 'gabriel.gomez@example.com', 'Consultorio 601');
INSERT INTO doctor(first_name, last_name, cedula, email, office ) VALUES('Isabella', 'Vargas', '36254108', 'isabella.vargas@example.com', 'Consultorio 602');
INSERT INTO doctor(first_name, last_name, cedula, email, office ) VALUES('Manuel', 'Morales', '32458741', 'manuel.morales@example.com', 'Consultorio 701');
INSERT INTO doctor(first_name, last_name, cedula, email, office ) VALUES('Camila', 'Castro', '23456789', 'camila.castro@example.com', 'Consultorio 702');
INSERT INTO doctor(first_name, last_name, cedula, email, office ) VALUES('David', 'Ríos', '24857032', 'david.rios@example.com', 'Consultorio 801');
INSERT INTO doctor(first_name, last_name, cedula, email, office ) VALUES('Gabriela', 'Rivera', '13548952', 'gabriela.rivera@example.com', 'Consultorio 802');

INSERT INTO specialty(name) VALUES('Medicina general');
INSERT INTO specialty(name) VALUES('Cardiología');
INSERT INTO specialty(name) VALUES('Medicina interna');
INSERT INTO specialty(name) VALUES('Dermatología');
INSERT INTO specialty(name) VALUES('Rehabilitación física');
INSERT INTO specialty(name) VALUES('Psicología');
INSERT INTO specialty(name) VALUES('Odontología');
INSERT INTO specialty(name) VALUES('Radiología');

INSERT INTO doctor_specialty(doctor_id, specialty_id) VALUES(1, 1);
INSERT INTO doctor_specialty(doctor_id, specialty_id) VALUES(2, 1);
INSERT INTO doctor_specialty(doctor_id, specialty_id) VALUES(3, 2);
INSERT INTO doctor_specialty(doctor_id, specialty_id) VALUES(4, 2);
INSERT INTO doctor_specialty(doctor_id, specialty_id) VALUES(5, 3);
INSERT INTO doctor_specialty(doctor_id, specialty_id) VALUES(6, 3);
INSERT INTO doctor_specialty(doctor_id, specialty_id) VALUES(7, 4);
INSERT INTO doctor_specialty(doctor_id, specialty_id) VALUES(8, 4);
INSERT INTO doctor_specialty(doctor_id, specialty_id) VALUES(9, 5);
INSERT INTO doctor_specialty(doctor_id, specialty_id) VALUES(10, 5);
INSERT INTO doctor_specialty(doctor_id, specialty_id) VALUES(11, 6);
INSERT INTO doctor_specialty(doctor_id, specialty_id) VALUES(12, 6);
INSERT INTO doctor_specialty(doctor_id, specialty_id) VALUES(13, 7);
INSERT INTO doctor_specialty(doctor_id, specialty_id) VALUES(14, 7);
INSERT INTO doctor_specialty(doctor_id, specialty_id) VALUES(15, 8);
INSERT INTO doctor_specialty(doctor_id, specialty_id) VALUES(16, 8);

INSERT INTO appointment(patient_id, doctor_id, specialty_id, appointment_date, notes) VALUES(1, 1, 1, '2024-07-20 10:30', 'Se asigna cita medica para especialidad respectiva');
INSERT INTO appointment(patient_id, doctor_id, specialty_id, appointment_date, notes) VALUES(1, 3, 2, '2024-07-21 15:30', 'Se asigna cita medica para especialidad respectiva');
INSERT INTO appointment(patient_id, doctor_id, specialty_id, appointment_date, notes) VALUES(2, 4, 2, '2024-07-22 11:45', 'Se asigna cita medica para especialidad respectiva');
INSERT INTO appointment(patient_id, doctor_id, specialty_id, appointment_date, notes) VALUES(3, 5, 3, '2024-07-23 09:00', 'Se asigna cita medica para especialidad respectiva');
INSERT INTO appointment(patient_id, doctor_id, specialty_id, appointment_date, notes) VALUES(4, 7, 4, '2024-07-24 14:15', 'Se asigna cita medica para especialidad respectiva');
INSERT INTO appointment(patient_id, doctor_id, specialty_id, appointment_date, notes) VALUES(5, 8, 4, '2024-07-25 16:30', 'Se asigna cita medica para especialidad respectiva');
INSERT INTO appointment(patient_id, doctor_id, specialty_id, appointment_date, notes) VALUES(6, 10, 5, '2024-07-26 12:00', 'Se asigna cita medica para especialidad respectiva');
INSERT INTO appointment(patient_id, doctor_id, specialty_id, appointment_date, notes) VALUES(7, 11, 5, '2024-07-27 17:45', 'Se asigna cita medica para especialidad respectiva');
INSERT INTO appointment(patient_id, doctor_id, specialty_id, appointment_date, notes) VALUES(8, 12, 6, '2024-07-28 13:20', 'Se asigna cita medica para especialidad respectiva');
INSERT INTO appointment(patient_id, doctor_id, specialty_id, appointment_date, notes) VALUES(9, 14, 7, '2024-07-29 18:00', 'Se asigna cita medica para especialidad respectiva');
INSERT INTO appointment(patient_id, doctor_id, specialty_id, appointment_date, notes) VALUES(10, 14, 7, '2024-07-28 13:20', 'Se asigna cita medica para especialidad respectiva');
INSERT INTO appointment(patient_id, doctor_id, specialty_id, appointment_date, notes) VALUES(11, 15, 8, '2024-07-29 18:00', 'Se asigna cita medica para especialidad respectiva');























